GEOID,name,total_population_19,white_alone_19,black_alone_19,native_alone_19,asian_alone_19,native_hawaiian_pacific_islander_19,hispanic_or_latino_19,city,gentrified,pct_white_alone_change,pct_black_alone_change,pct_native_alone_change,pct_asian_alone_change,pct_hispanic_or_latino_change,pct_native_hawaiian_pacific_islander_change,INTPTLAT,INTPTLON
48085031202,"Census Tract 312.02, Collin County, Texas",4982.0,3386.0,389.0,30.0,53.0,0.0,1019.0,"Dallas city, Texas",False,-16.77,6.068,-1.159,0.519,9.257,-0.021,+33.0018783,-096.3996405
48085031310,"Census Tract 313.10, Collin County, Texas",11899.0,6033.0,1168.0,96.0,424.0,0.0,3290.0,"Dallas city, Texas",False,-36.613,8.409,-0.58,2.814,18.69,-0.01,+33.0026693,-096.5074486
48085031649,"Census Tract 316.49, Collin County, Texas",4491.0,3213.0,385.0,0.0,528.0,0.0,259.0,"Dallas city, Texas",False,-14.952,7.063,-0.49,3.597,2.625,0.0,+33.0207666,-096.8180137
48085031704,"Census Tract 317.04, Collin County, Texas",3642.0,2176.0,420.0,0.0,272.0,0.0,522.0,"Dallas city, Texas",False,-15.843,5.124,-0.653,0.196,4.615,0.0,+32.9924775,-096.8365225
48085031706,"Census Tract 317.06, Collin County, Texas",2468.0,2141.0,69.0,0.0,114.0,0.0,97.0,"Dallas city, Texas",False,1.992,-0.552,-0.433,-3.534,0.779,0.0,+32.9930127,-096.8209776
48085031708,"Census Tract 317.08, Collin County, Texas",4216.0,2228.0,923.0,11.0,285.0,0.0,570.0,"Dallas city, Texas",False,-26.81,17.545,-0.195,-2.177,7.347,0.0,+32.9928098,-096.8051254
48085031709,"Census Tract 317.09, Collin County, Texas",4300.0,1847.0,318.0,0.0,1367.0,0.0,523.0,"Dallas city, Texas",False,-34.989,3.002,-0.211,19.458,7.747,-0.023,+33.0043451,-096.7824903
48085031711,"Census Tract 317.11, Collin County, Texas",3311.0,2066.0,581.0,7.0,208.0,10.0,360.0,"Dallas city, Texas",False,-16.038,11.422,-0.47,-1.476,4.182,0.289,+33.0019565,-096.8357321
48085031712,"Census Tract 317.12, Collin County, Texas",5112.0,2087.0,1467.0,0.0,290.0,0.0,918.0,"Dallas city, Texas",False,-37.61,22.571,-0.681,-2.085,11.267,-0.013,+33.0098213,-096.8387131
48085031713,"Census Tract 317.13, Collin County, Texas",4521.0,1322.0,1292.0,0.0,255.0,0.0,1012.0,"Dallas city, Texas",False,-45.552,20.843,-0.791,-1.622,13.45,-0.064,+33.0023401,-096.8245576
48085031714,"Census Tract 317.14, Collin County, Texas",6725.0,1532.0,2256.0,0.0,299.0,0.0,2460.0,"Dallas city, Texas",False,-52.012,25.811,-0.791,-2.816,27.646,-0.064,+33.0081469,-096.8206600
48085031715,"Census Tract 317.15, Collin County, Texas",2783.0,1951.0,184.0,0.0,148.0,0.0,383.0,"Dallas city, Texas",False,-5.418,-0.107,-0.529,-5.693,7.867,-0.044,+33.0076501,-096.8079570
48085031716,"Census Tract 317.16, Collin County, Texas",2500.0,1506.0,192.0,7.0,262.0,19.0,306.0,"Dallas city, Texas",False,-15.282,0.961,-0.249,-0.531,6.345,0.716,+33.0003946,-096.8033975
48085031717,"Census Tract 317.17, Collin County, Texas",1923.0,865.0,169.0,4.0,380.0,0.0,400.0,"Dallas city, Texas",False,-30.54,2.069,-0.321,8.75,14.906,-0.044,+33.0066102,-096.7986044
48085031718,"Census Tract 317.18, Collin County, Texas",2640.0,1769.0,55.0,7.0,344.0,45.0,364.0,"Dallas city, Texas",False,3.876,-5.645,-0.42,-5.814,5.132,1.665,+32.9920775,-096.7869769
48085031719,"Census Tract 317.19, Collin County, Texas",1830.0,1085.0,92.0,0.0,484.0,12.0,99.0,"Dallas city, Texas",False,-3.842,-2.701,-0.685,7.604,-3.246,0.616,+32.9942717,-096.7736033
48085031720,"Census Tract 317.20, Collin County, Texas",4640.0,553.0,539.0,0.0,1937.0,10.0,1447.0,"Dallas city, Texas",False,-51.214,3.888,-0.685,22.902,22.529,0.176,+32.9889803,-096.7727515
48085031804,"Census Tract 318.04, Collin County, Texas",6564.0,3990.0,274.0,65.0,967.0,0.0,1194.0,"Dallas city, Texas",False,-19.146,1.591,0.059,4.063,12.898,0.0,+32.9936969,-096.7505825
48113000100,"Census Tract 1, Dallas County, Texas",4081.0,2957.0,306.0,16.0,133.0,0.0,470.0,"Dallas city, Texas",False,-12.312,4.349,-0.46,1.323,2.405,-0.026,+32.8166094,-096.7365761
48113000201,"Census Tract 2.01, Dallas County, Texas",3010.0,2683.0,0.0,8.0,13.0,0.0,265.0,"Dallas city, Texas",False,-1.73,-0.712,-0.525,-0.794,2.596,-0.079,+32.8327403,-096.7571634
48113000202,"Census Tract 2.02, Dallas County, Texas",3962.0,2955.0,66.0,11.0,118.0,0.0,736.0,"Dallas city, Texas",False,-11.806,0.702,-0.746,1.593,8.609,0.0,+32.8318688,-096.7662373
48113000300,"Census Tract 3, Dallas County, Texas",4229.0,3419.0,140.0,39.0,161.0,0.0,410.0,"Dallas city, Texas",False,-2.445,-0.151,0.431,1.926,-0.798,-0.027,+32.8301654,-096.7761239
48113000401,"Census Tract 4.01, Dallas County, Texas",5584.0,1871.0,757.0,11.0,228.0,0.0,2600.0,"Dallas city, Texas",False,24.121,5.324,-0.318,-3.513,-27.243,0.0,+32.8113683,-096.8294336
48113000404,"Census Tract 4.04, Dallas County, Texas",3766.0,1831.0,191.0,0.0,408.0,0.0,1285.0,"Dallas city, Texas",True,15.651,0.046,-0.765,5.974,-21.908,-0.021,+32.8195840,-096.8283003
48113000405,"Census Tract 4.05, Dallas County, Texas",2301.0,602.0,609.0,0.0,92.0,0.0,958.0,"Dallas city, Texas",True,8.279,-12.309,-0.609,-12.567,16.617,0.0,+32.8134619,-096.8205414
48113000406,"Census Tract 4.06, Dallas County, Texas",8592.0,3023.0,342.0,0.0,481.0,0.0,4610.0,"Dallas city, Texas",True,26.592,2.906,-0.327,4.913,-35.48,0.0,+32.8359733,-096.8529643
48113000500,"Census Tract 5, Dallas County, Texas",6414.0,4282.0,745.0,33.0,502.0,0.0,719.0,"Dallas city, Texas",False,36.859,6.009,-0.412,0.295,-44.43,0.0,+32.8059309,-096.8122945
48113000601,"Census Tract 6.01, Dallas County, Texas",5931.0,2293.0,1213.0,24.0,172.0,0.0,2153.0,"Dallas city, Texas",False,18.058,14.345,0.028,-0.839,-32.642,0.0,+32.8265057,-096.8225476
48113000603,"Census Tract 6.03, Dallas County, Texas",4342.0,3289.0,313.0,0.0,266.0,0.0,383.0,"Dallas city, Texas",False,2.884,3.44,-0.699,0.336,-7.781,0.0,+32.8189872,-096.8101799
48113000605,"Census Tract 6.05, Dallas County, Texas",2525.0,1808.0,31.0,10.0,400.0,0.0,227.0,"Dallas city, Texas",False,-10.381,-1.718,-0.509,13.8,-2.563,-0.026,+32.8104817,-096.8071671
48113000606,"Census Tract 6.06, Dallas County, Texas",2642.0,2202.0,54.0,0.0,150.0,40.0,158.0,"Dallas city, Texas",False,1.352,-0.901,-0.904,3.637,-5.568,1.488,+32.8159774,-096.8010195
48113000701,"Census Tract 7.01, Dallas County, Texas",5517.0,3953.0,325.0,0.0,566.0,0.0,449.0,"Dallas city, Texas",False,1.352,3.097,-0.559,6.706,-14.457,0.0,+32.8106910,-096.7954420
48113000702,"Census Tract 7.02, Dallas County, Texas",3361.0,2611.0,106.0,15.0,135.0,0.0,494.0,"Dallas city, Texas",False,5.935,0.971,0.153,2.29,-8.828,-0.033,+32.8227297,-096.7886120
48113000800,"Census Tract 8, Dallas County, Texas",7099.0,2279.0,1317.0,68.0,407.0,0.0,2852.0,"Dallas city, Texas",True,19.923,12.131,0.521,1.603,-36.596,0.0,+32.8078413,-096.7854020
48113000900,"Census Tract 9, Dallas County, Texas",5442.0,2997.0,173.0,0.0,258.0,0.0,2014.0,"Dallas city, Texas",False,43.936,0.406,-0.28,3.443,-47.461,0.0,+32.8137254,-096.7811347
48113001001,"Census Tract 10.01, Dallas County, Texas",1455.0,946.0,47.0,9.0,64.0,0.0,288.0,"Dallas city, Texas",False,1.336,1.13,-0.678,3.102,-11.275,0.0,+32.8211827,-096.7765484
48113001002,"Census Tract 10.02, Dallas County, Texas",1930.0,1056.0,45.0,0.0,83.0,0.0,675.0,"Dallas city, Texas",False,25.294,0.338,-0.301,3.925,-32.558,-0.113,+32.8155628,-096.7754602
48113001101,"Census Tract 11.01, Dallas County, Texas",3831.0,2941.0,133.0,0.0,160.0,0.0,524.0,"Dallas city, Texas",False,18.961,-0.653,-1.227,2.583,-21.1,0.0,+32.8156844,-096.7659906
48113001102,"Census Tract 11.02, Dallas County, Texas",2747.0,2364.0,38.0,16.0,74.0,0.0,189.0,"Dallas city, Texas",False,3.997,-0.43,-0.42,1.167,-6.288,0.0,+32.8179521,-096.7573709
48113001202,"Census Tract 12.02, Dallas County, Texas",3641.0,1679.0,639.0,9.0,115.0,0.0,1169.0,"Dallas city, Texas",False,-0.591,-6.953,-0.59,1.04,6.558,0.0,+32.8006266,-096.7353095
48113001203,"Census Tract 12.03, Dallas County, Texas",1481.0,716.0,15.0,0.0,13.0,0.0,737.0,"Dallas city, Texas",False,8.756,-0.639,-0.661,-0.246,-7.143,0.0,+32.8026242,-096.7440785
48113001204,"Census Tract 12.04, Dallas County, Texas",2902.0,216.0,0.0,48.0,0.0,0.0,2633.0,"Dallas city, Texas",False,1.27,-1.099,1.492,-0.194,-1.415,0.0,+32.7987177,-096.7483978
48113001301,"Census Tract 13.01, Dallas County, Texas",2803.0,1788.0,41.0,25.0,78.0,0.0,844.0,"Dallas city, Texas",False,2.505,-2.917,0.001,0.779,-1.033,0.0,+32.8060919,-096.7527967
48113001302,"Census Tract 13.02, Dallas County, Texas",2537.0,1196.0,471.0,9.0,40.0,0.0,782.0,"Dallas city, Texas",False,18.477,13.17,-0.108,0.787,-33.781,0.0,+32.8003388,-096.7628648
48113001400,"Census Tract 14, Dallas County, Texas",3664.0,1465.0,663.0,21.0,120.0,0.0,1335.0,"Dallas city, Texas",False,10.215,11.602,-0.329,1.356,-23.995,-0.092,+32.8076818,-096.7617429
48113001502,"Census Tract 15.02, Dallas County, Texas",3728.0,921.0,414.0,7.0,84.0,0.0,2287.0,"Dallas city, Texas",True,10.733,2.827,-0.201,-0.24,-13.27,0.0,+32.7935764,-096.7692063
48113001503,"Census Tract 15.03, Dallas County, Texas",2817.0,728.0,236.0,8.0,128.0,0.0,1613.0,"Dallas city, Texas",True,17.942,1.093,-0.011,-5.055,-17.415,0.0,+32.8029110,-096.7769554
48113001504,"Census Tract 15.04, Dallas County, Texas",2466.0,750.0,475.0,0.0,190.0,0.0,1000.0,"Dallas city, Texas",True,7.895,5.874,-0.621,0.0,-14.904,0.0,+32.8003476,-096.7737127
48113001600,"Census Tract 16, Dallas County, Texas",4432.0,2237.0,1234.0,35.0,310.0,0.0,423.0,"Dallas city, Texas",False,12.969,-17.444,-0.173,4.989,-4.495,0.0,+32.7979322,-096.7890499
48113001701,"Census Tract 17.01, Dallas County, Texas",454.0,240.0,99.0,0.0,15.0,0.0,95.0,"Dallas city, Texas",False,52.863,-78.194,0.0,3.304,20.925,0.0,+32.7899323,-096.7951677
48113001703,"Census Tract 17.03, Dallas County, Texas",3594.0,2545.0,130.0,11.0,437.0,0.0,388.0,"Dallas city, Texas",False,-12.664,-3.228,-0.068,9.004,5.021,0.0,+32.7995361,-096.7968844
48113001704,"Census Tract 17.04, Dallas County, Texas",1919.0,1559.0,77.0,9.0,121.0,0.0,129.0,"Dallas city, Texas",False,-2.236,-2.832,0.095,3.15,0.947,0.0,+32.7939051,-096.8009704
48113001800,"Census Tract 18, Dallas County, Texas",5825.0,4313.0,414.0,0.0,348.0,0.0,675.0,"Dallas city, Texas",False,-7.448,3.761,-0.72,1.611,2.1,0.0,+32.8001934,-096.8036295
48113001900,"Census Tract 19, Dallas County, Texas",7408.0,5134.0,807.0,0.0,293.0,0.0,949.0,"Dallas city, Texas",False,3.98,-8.192,-0.699,-0.454,2.595,-0.161,+32.7917568,-096.8090844
48113002000,"Census Tract 20, Dallas County, Texas",6264.0,1120.0,1105.0,0.0,137.0,0.0,3755.0,"Dallas city, Texas",True,12.681,6.747,-0.468,1.953,-23.151,0.0,+32.7597444,-096.8173369
48113002100,"Census Tract 21, Dallas County, Texas",2338.0,1150.0,650.0,26.0,183.0,0.0,248.0,"Dallas city, Texas",False,-49.161,27.118,1.075,7.511,10.029,0.0,+32.7842235,-096.8029348
48113002200,"Census Tract 22, Dallas County, Texas",2504.0,1455.0,343.0,18.0,206.0,0.0,415.0,"Dallas city, Texas",False,-5.127,-8.004,-0.047,4.993,5.807,-0.043,+32.7898054,-096.7800762
48113002400,"Census Tract 24, Dallas County, Texas",2789.0,574.0,141.0,7.0,50.0,0.0,2015.0,"Dallas city, Texas",True,12.083,1.208,-0.174,-0.025,-13.14,0.0,+32.7939108,-096.7573364
48113002500,"Census Tract 25, Dallas County, Texas",6356.0,319.0,1568.0,9.0,0.0,0.0,4439.0,"Dallas city, Texas",False,1.91,-16.608,-0.342,-0.173,14.918,0.0,+32.7853521,-096.7452474
48113002701,"Census Tract 27.01, Dallas County, Texas",3675.0,7.0,2631.0,0.0,0.0,0.0,1037.0,"Dallas city, Texas",False,-0.425,-22.997,-0.049,-0.467,23.939,-0.025,+32.7725531,-096.7407168
48113002702,"Census Tract 27.02, Dallas County, Texas",1756.0,52.0,1350.0,0.0,0.0,0.0,354.0,"Dallas city, Texas",False,2.161,-19.067,-0.107,-0.107,17.118,0.0,+32.7701792,-096.7507797
48113003101,"Census Tract 31.01, Dallas County, Texas",3627.0,2205.0,658.0,1.0,214.0,0.0,440.0,"Dallas city, Texas",False,-3.57,0.193,-1.385,3.964,-1.893,0.0,+32.7798397,-096.7992069
48113003400,"Census Tract 34, Dallas County, Texas",1261.0,169.0,933.0,0.0,8.0,0.0,151.0,"Dallas city, Texas",False,0.389,0.698,-0.205,0.155,-0.968,0.0,+32.7589154,-096.7809363
48113003700,"Census Tract 37, Dallas County, Texas",3407.0,328.0,1887.0,0.0,8.0,0.0,1184.0,"Dallas city, Texas",False,8.892,-41.159,-0.195,0.232,32.258,0.0,+32.7630521,-096.7615135
48113003800,"Census Tract 38, Dallas County, Texas",2395.0,32.0,2008.0,0.0,0.0,6.0,349.0,"Dallas city, Texas",False,0.792,-13.186,0.0,-0.326,12.505,0.215,+32.7576031,-096.7559946
48113003901,"Census Tract 39.01, Dallas County, Texas",2084.0,34.0,1789.0,0.0,0.0,0.0,250.0,"Dallas city, Texas",False,0.383,-7.859,-0.057,-0.284,7.288,0.0,+32.7599034,-096.7451821
48113003902,"Census Tract 39.02, Dallas County, Texas",2071.0,13.0,1400.0,0.0,0.0,0.0,632.0,"Dallas city, Texas",True,-0.421,-18.298,-0.286,0.0,17.749,0.0,+32.7484474,-096.7543231
48113004000,"Census Tract 40, Dallas County, Texas",1185.0,33.0,1122.0,3.0,0.0,0.0,27.0,"Dallas city, Texas",False,0.917,8.722,0.252,0.0,-9.89,0.0,+32.7459698,-096.7664341
48113004100,"Census Tract 41, Dallas County, Texas",1407.0,17.0,615.0,0.0,0.0,0.0,757.0,"Dallas city, Texas",False,0.236,-30.526,-0.278,-0.417,29.844,-0.069,+32.7524560,-096.8034005
48113004201,"Census Tract 42.01, Dallas County, Texas",4047.0,1487.0,253.0,7.0,25.0,0.0,2273.0,"Dallas city, Texas",False,9.619,1.37,-0.286,-0.043,-10.581,0.0,+32.7584519,-096.8299088
48113004202,"Census Tract 42.02, Dallas County, Texas",2138.0,797.0,21.0,39.0,86.0,0.0,1198.0,"Dallas city, Texas",False,15.88,-7.55,1.336,3.724,-13.007,0.0,+32.7553810,-096.8505195
48113004300,"Census Tract 43, Dallas County, Texas",3052.0,809.0,573.0,25.0,49.0,0.0,1483.0,"Dallas city, Texas",True,17.451,5.698,0.679,-1.191,-26.059,0.0,+32.7725364,-096.8393326
48113004400,"Census Tract 44, Dallas County, Texas",3536.0,2117.0,389.0,0.0,68.0,0.0,835.0,"Dallas city, Texas",False,-17.228,6.664,-0.905,1.33,7.171,0.0,+32.7603009,-096.8446574
48113004500,"Census Tract 45, Dallas County, Texas",6134.0,1023.0,304.0,0.0,0.0,0.0,4738.0,"Dallas city, Texas",True,-2.146,1.952,-0.487,-0.425,0.107,-0.016,+32.7439348,-096.8661076
48113004600,"Census Tract 46, Dallas County, Texas",2008.0,988.0,313.0,28.0,12.0,0.0,671.0,"Dallas city, Texas",False,16.745,11.511,0.022,-0.186,-27.54,0.0,+32.7472866,-096.8434614
48113004700,"Census Tract 47, Dallas County, Texas",3247.0,519.0,74.0,43.0,0.0,0.0,2651.0,"Dallas city, Texas",True,8.635,0.24,1.134,-0.071,-8.611,0.0,+32.7462987,-096.8302300
48113004800,"Census Tract 48, Dallas County, Texas",2575.0,144.0,53.0,35.0,10.0,11.0,2316.0,"Dallas city, Texas",False,2.107,-2.62,0.74,0.067,-0.817,0.427,+32.7436867,-096.8175422
48113004900,"Census Tract 49, Dallas County, Texas",4089.0,127.0,2037.0,0.0,0.0,0.0,1911.0,"Dallas city, Texas",False,1.263,-28.564,-0.174,-0.05,27.208,-0.025,+32.7365696,-096.8051170
48113005000,"Census Tract 50, Dallas County, Texas",3845.0,210.0,156.0,0.0,0.0,0.0,3477.0,"Dallas city, Texas",False,-3.267,-3.083,-1.001,-0.065,7.799,0.0,+32.7384270,-096.8303481
48113005100,"Census Tract 51, Dallas County, Texas",2774.0,199.0,10.0,6.0,0.0,0.0,2565.0,"Dallas city, Texas",False,-3.426,-2.22,-0.157,-0.155,6.61,0.0,+32.7367385,-096.8424449
48113005200,"Census Tract 52, Dallas County, Texas",4806.0,539.0,225.0,124.0,0.0,0.0,3934.0,"Dallas city, Texas",False,-4.484,2.483,1.643,-0.346,1.241,0.0,+32.7406038,-096.8507934
48113005300,"Census Tract 53, Dallas County, Texas",7024.0,657.0,83.0,0.0,35.0,0.0,6226.0,"Dallas city, Texas",False,-5.285,-0.866,-0.532,0.338,6.19,-0.04,+32.7341224,-096.8602455
48113005400,"Census Tract 54, Dallas County, Texas",6041.0,478.0,1413.0,22.0,41.0,0.0,4087.0,"Dallas city, Texas",False,3.109,-29.04,-0.109,0.263,25.929,-0.019,+32.7273108,-096.8174351
48113005500,"Census Tract 55, Dallas County, Texas",4507.0,182.0,1937.0,0.0,0.0,0.0,2388.0,"Dallas city, Texas",False,2.138,-35.99,-0.077,-0.462,34.494,0.0,+32.7251819,-096.7995404
48113005600,"Census Tract 56, Dallas County, Texas",7566.0,30.0,1225.0,1.0,0.0,0.0,6278.0,"Dallas city, Texas",False,-1.353,-23.625,-0.317,-0.086,25.001,0.0,+32.7123827,-096.8208050
48113005700,"Census Tract 57, Dallas County, Texas",5139.0,183.0,2857.0,0.0,31.0,0.0,2033.0,"Dallas city, Texas",False,2.181,-18.525,-0.127,0.518,15.377,-0.021,+32.6991472,-096.7998981
48113005901,"Census Tract 59.01, Dallas County, Texas",5497.0,277.0,3438.0,7.0,3.0,0.0,1772.0,"Dallas city, Texas",False,4.271,-24.569,0.09,0.018,20.28,0.0,+32.6930920,-096.8082157
48113005902,"Census Tract 59.02, Dallas County, Texas",4980.0,132.0,3354.0,0.0,0.0,0.0,1494.0,"Dallas city, Texas",False,-4.967,-15.524,-0.124,-0.025,20.64,0.0,+32.6962586,-096.8186963
48113006001,"Census Tract 60.01, Dallas County, Texas",5006.0,47.0,286.0,0.0,0.0,0.0,4673.0,"Dallas city, Texas",False,-3.476,-29.943,-0.222,-0.044,33.818,0.0,+32.7073314,-096.8357047
48113006002,"Census Tract 60.02, Dallas County, Texas",5749.0,695.0,3794.0,26.0,194.0,0.0,1040.0,"Dallas city, Texas",False,-19.893,14.143,-0.203,-1.486,8.067,-0.076,+32.6940456,-096.8287265
48113006100,"Census Tract 61, Dallas County, Texas",4559.0,451.0,1955.0,8.0,0.0,16.0,2077.0,"Dallas city, Texas",False,-2.977,-19.389,-0.164,-0.633,21.695,0.351,+32.6985450,-096.8485670
48113006200,"Census Tract 62, Dallas County, Texas",7226.0,649.0,2363.0,0.0,139.0,0.0,4058.0,"Dallas city, Texas",False,-3.423,-6.676,-0.41,1.514,8.791,-0.016,+32.7239994,-096.8330548
48113006301,"Census Tract 63.01, Dallas County, Texas",6006.0,392.0,422.0,17.0,23.0,0.0,5135.0,"Dallas city, Texas",False,-8.26,-7.953,-0.223,0.278,16.015,-0.07,+32.7130710,-096.8485394
48113006302,"Census Tract 63.02, Dallas County, Texas",4547.0,613.0,199.0,11.0,0.0,0.0,3724.0,"Dallas city, Texas",True,-10.689,-1.213,-0.468,-0.16,12.713,0.0,+32.7251924,-096.8473774
48113006401,"Census Tract 64.01, Dallas County, Texas",2749.0,90.0,39.0,0.0,0.0,0.0,2620.0,"Dallas city, Texas",False,-6.427,-1.249,-0.629,-0.344,8.934,0.0,+32.7258759,-096.8635665
48113006402,"Census Tract 64.02, Dallas County, Texas",5518.0,312.0,11.0,26.0,0.0,0.0,5169.0,"Dallas city, Texas",False,-4.047,-2.469,-0.158,-0.344,7.302,0.0,+32.7274494,-096.8734340
48113006501,"Census Tract 65.01, Dallas County, Texas",6449.0,228.0,12.0,13.0,10.0,0.0,6181.0,"Dallas city, Texas",False,-4.951,-2.547,-0.229,-0.193,7.929,0.0,+32.7300528,-096.8883306
48113006502,"Census Tract 65.02, Dallas County, Texas",4295.0,334.0,11.0,67.0,10.0,0.0,3930.0,"Dallas city, Texas",False,-7.3,-2.711,1.132,0.18,10.24,-0.027,+32.7225588,-096.8837859
48113006700,"Census Tract 67, Dallas County, Texas",7401.0,294.0,60.0,33.0,6.0,0.0,7002.0,"Dallas city, Texas",False,-5.698,-1.355,-0.25,-0.409,7.941,0.0,+32.7442326,-096.8867200
48113006800,"Census Tract 68, Dallas County, Texas",5232.0,718.0,448.0,25.0,0.0,0.0,4041.0,"Dallas city, Texas",True,-2.415,-2.669,-0.397,-0.578,6.341,0.0,+32.7538805,-096.8647454
48113006900,"Census Tract 69, Dallas County, Texas",4311.0,270.0,326.0,27.0,0.0,0.0,3616.0,"Dallas city, Texas",False,-6.744,-6.446,-0.152,-0.25,12.227,0.0,+32.7622681,-096.8663762
48113007101,"Census Tract 71.01, Dallas County, Texas",2412.0,1997.0,28.0,4.0,148.0,0.0,189.0,"Dallas city, Texas",False,-7.545,-0.51,-0.304,4.099,2.353,0.0,+32.8443119,-096.8175334
48113007102,"Census Tract 71.02, Dallas County, Texas",5408.0,2313.0,1554.0,38.0,103.0,0.0,1291.0,"Dallas city, Texas",True,26.584,-27.497,0.365,0.178,-1.484,-0.018,+32.8431578,-096.8284897
48113007201,"Census Tract 72.01, Dallas County, Texas",8282.0,2268.0,526.0,0.0,0.0,0.0,5464.0,"Dallas city, Texas",False,23.55,1.861,-0.225,-0.327,-24.943,0.0,+32.8592612,-096.8740164
48113007202,"Census Tract 72.02, Dallas County, Texas",7879.0,1693.0,102.0,0.0,0.0,0.0,6040.0,"Dallas city, Texas",False,19.548,-1.915,-0.063,-0.09,-17.922,-0.027,+32.8618882,-096.8652627
48113007301,"Census Tract 73.01, Dallas County, Texas",1754.0,1643.0,4.0,7.0,0.0,0.0,85.0,"Dallas city, Texas",False,-2.146,-0.024,0.197,-0.914,2.133,0.0,+32.8595008,-096.8137240
48113007302,"Census Tract 73.02, Dallas County, Texas",4111.0,2996.0,117.0,0.0,50.0,0.0,815.0,"Dallas city, Texas",False,-7.077,-1.379,-0.115,-1.083,6.534,0.0,+32.8593389,-096.8345017
48113007601,"Census Tract 76.01, Dallas County, Texas",1860.0,1344.0,39.0,0.0,201.0,0.0,229.0,"Dallas city, Texas",False,-16.229,1.393,-0.654,8.795,4.368,0.0,+32.8876783,-096.8294995
48113007604,"Census Tract 76.04, Dallas County, Texas",3042.0,2667.0,0.0,0.0,197.0,0.0,71.0,"Dallas city, Texas",False,-6.803,-1.136,-0.442,4.582,0.472,0.0,+32.8873452,-096.7953727
48113007605,"Census Tract 76.05, Dallas County, Texas",1650.0,1468.0,0.0,6.0,90.0,0.0,67.0,"Dallas city, Texas",False,-3.941,-1.136,-0.123,3.074,1.139,-0.054,+32.8879061,-096.8106441
48113007700,"Census Tract 77, Dallas County, Texas",5623.0,5058.0,6.0,0.0,205.0,0.0,233.0,"Dallas city, Texas",False,-5.489,-0.299,-0.248,2.382,1.526,0.0,+32.8726523,-096.7954181
48113007801,"Census Tract 78.01, Dallas County, Texas",2091.0,1715.0,59.0,0.0,120.0,0.0,157.0,"Dallas city, Texas",False,-12.812,1.61,-0.242,4.729,4.964,0.0,+32.8731554,-096.7776351
48113007804,"Census Tract 78.04, Dallas County, Texas",6787.0,1134.0,4344.0,0.0,316.0,0.0,993.0,"Dallas city, Texas",False,-11.568,17.136,-0.491,-4.693,0.16,-0.018,+32.9156579,-096.7570272
48113007805,"Census Tract 78.05, Dallas County, Texas",2794.0,1331.0,681.0,0.0,0.0,17.0,740.0,"Dallas city, Texas",False,-9.674,-3.167,-0.744,-2.974,15.193,0.608,+32.9020123,-096.7577754
48113007809,"Census Tract 78.09, Dallas County, Texas",2874.0,1507.0,585.0,0.0,19.0,0.0,723.0,"Dallas city, Texas",False,0.857,-2.653,-0.226,-0.768,1.473,0.0,+32.8599361,-096.7400862
48113007810,"Census Tract 78.10, Dallas County, Texas",4937.0,2537.0,1512.0,4.0,171.0,0.0,573.0,"Dallas city, Texas",False,1.315,3.084,-0.206,0.643,-7.402,0.0,+32.9066461,-096.7392022
48113007811,"Census Tract 78.11, Dallas County, Texas",6482.0,1313.0,3694.0,74.0,0.0,41.0,1312.0,"Dallas city, Texas",False,-15.152,8.702,0.555,-3.073,8.125,0.633,+32.8989911,-096.7232202
48113007812,"Census Tract 78.12, Dallas County, Texas",3460.0,2841.0,223.0,33.0,102.0,0.0,232.0,"Dallas city, Texas",False,-11.03,5.247,0.505,0.971,3.619,-0.03,+32.8883641,-096.7495638
48113007815,"Census Tract 78.15, Dallas County, Texas",5939.0,842.0,1312.0,38.0,1882.0,0.0,1467.0,"Dallas city, Texas",False,-2.601,0.831,0.203,30.487,-32.438,0.0,+32.8799479,-096.7567462
48113007818,"Census Tract 78.18, Dallas County, Texas",5508.0,714.0,2051.0,0.0,312.0,0.0,2385.0,"Dallas city, Texas",False,1.635,18.047,-0.229,4.61,-24.593,-0.013,+32.8671544,-096.7564983
48113007819,"Census Tract 78.19, Dallas County, Texas",2172.0,527.0,503.0,6.0,28.0,0.0,1100.0,"Dallas city, Texas",False,-2.283,-4.257,-0.668,-2.163,9.597,0.0,+32.8655737,-096.7594159
48113007820,"Census Tract 78.20, Dallas County, Texas",5801.0,1099.0,1609.0,0.0,935.0,0.0,2125.0,"Dallas city, Texas",False,0.181,-8.25,-0.719,13.607,-3.783,-0.021,+32.8673726,-096.7500504
48113007821,"Census Tract 78.21, Dallas County, Texas",3778.0,452.0,1207.0,0.0,347.0,0.0,1618.0,"Dallas city, Texas",False,-6.8,-4.039,-0.719,6.674,2.412,-0.021,+32.8734943,-096.7475548
48113007822,"Census Tract 78.22, Dallas County, Texas",1526.0,886.0,224.0,0.0,74.0,0.0,303.0,"Dallas city, Texas",False,31.522,-16.251,-0.636,3.015,-19.969,0.0,+32.8768842,-096.7663931
48113007823,"Census Tract 78.23, Dallas County, Texas",1458.0,364.0,239.0,0.0,16.0,0.0,795.0,"Dallas city, Texas",False,-1.572,-14.538,-0.636,-0.737,14.702,0.0,+32.8924649,-096.7644301
48113007824,"Census Tract 78.24, Dallas County, Texas",1885.0,1760.0,20.0,0.0,31.0,0.0,48.0,"Dallas city, Texas",False,31.538,-23.064,-0.327,-0.861,-8.379,0.0,+32.8778369,-096.7381193
48113007825,"Census Tract 78.25, Dallas County, Texas",5718.0,2152.0,1235.0,70.0,191.0,0.0,2140.0,"Dallas city, Texas",False,-24.195,-2.527,0.897,0.834,26.501,0.0,+32.8936893,-096.7346404
48113007826,"Census Tract 78.26, Dallas County, Texas",1036.0,366.0,269.0,0.0,60.0,0.0,341.0,"Dallas city, Texas",False,8.344,-17.136,-0.778,3.64,6.16,-0.015,+32.8712501,-096.7341870
48113007827,"Census Tract 78.27, Dallas County, Texas",3316.0,763.0,1277.0,11.0,0.0,0.0,1053.0,"Dallas city, Texas",False,-3.974,-4.591,-0.446,-2.152,5.0,-0.015,+32.8825570,-096.7317495
48113007902,"Census Tract 79.02, Dallas County, Texas",5231.0,4387.0,241.0,49.0,147.0,0.0,337.0,"Dallas city, Texas",False,9.652,0.495,0.48,1.964,-13.66,0.0,+32.8480441,-096.7442767
48113007903,"Census Tract 79.03, Dallas County, Texas",2174.0,1774.0,67.0,4.0,78.0,0.0,179.0,"Dallas city, Texas",False,25.146,-4.649,-0.427,2.006,-24.848,0.0,+32.8500530,-096.7563889
48113007906,"Census Tract 79.06, Dallas County, Texas",2182.0,2147.0,0.0,10.0,25.0,0.0,0.0,"Dallas city, Texas",False,3.237,-0.589,0.373,-0.076,-2.82,0.0,+32.8602949,-096.7756820
48113007909,"Census Tract 79.09, Dallas County, Texas",2341.0,1041.0,241.0,0.0,631.0,0.0,257.0,"Dallas city, Texas",False,-23.962,3.612,-0.677,15.556,-1.158,0.0,+32.8534662,-096.7665661
48113007910,"Census Tract 79.10, Dallas County, Texas",2762.0,1411.0,308.0,0.0,339.0,0.0,515.0,"Dallas city, Texas",False,-17.344,4.468,-0.677,0.876,6.51,0.0,+32.8585687,-096.7630851
48113007911,"Census Tract 79.11, Dallas County, Texas",2611.0,1761.0,164.0,0.0,332.0,0.0,261.0,"Dallas city, Texas",False,-3.131,-0.956,-0.794,5.115,-2.799,0.0,+32.8614287,-096.7594170
48113007912,"Census Tract 79.12, Dallas County, Texas",1845.0,1139.0,88.0,12.0,191.0,0.0,378.0,"Dallas city, Texas",False,-8.842,-2.467,-0.144,2.752,7.693,0.0,+32.8615855,-096.7674491
48113007913,"Census Tract 79.13, Dallas County, Texas",2967.0,1994.0,418.0,11.0,119.0,0.0,320.0,"Dallas city, Texas",True,-3.394,4.735,-0.596,-0.685,-2.948,-0.02,+32.8483155,-096.7671175
48113007914,"Census Tract 79.14, Dallas County, Texas",3070.0,2098.0,265.0,18.0,437.0,0.0,254.0,"Dallas city, Texas",True,-2.281,-0.712,-0.38,9.535,-5.445,-0.02,+32.8421573,-096.7694872
48113008000,"Census Tract 80, Dallas County, Texas",7250.0,6146.0,74.0,68.0,323.0,0.0,546.0,"Dallas city, Texas",False,-8.893,0.514,0.545,3.44,3.324,0.0,+32.8363823,-096.7344154
48113008100,"Census Tract 81, Dallas County, Texas",6491.0,4741.0,532.0,0.0,74.0,0.0,901.0,"Dallas city, Texas",False,-15.043,6.48,-0.683,-0.133,5.894,0.0,+32.8228255,-096.7109461
48113008200,"Census Tract 82, Dallas County, Texas",3396.0,2316.0,356.0,10.0,129.0,0.0,505.0,"Dallas city, Texas",False,5.477,-4.561,-0.626,2.62,-5.172,0.0,+32.8387834,-096.6971135
48113008400,"Census Tract 84, Dallas County, Texas",9590.0,1018.0,121.0,0.0,0.0,0.0,8412.0,"Dallas city, Texas",False,-9.561,-6.014,-0.531,-0.51,16.372,0.0,+32.7753203,-096.7154292
48113008500,"Census Tract 85, Dallas County, Texas",5064.0,597.0,719.0,15.0,14.0,0.0,3641.0,"Dallas city, Texas",False,-14.118,-2.641,-0.256,-0.106,15.836,0.0,+32.7706206,-096.6914520
48113008603,"Census Tract 86.03, Dallas County, Texas",551.0,0.0,393.0,0.0,0.0,0.0,158.0,"Dallas city, Texas",False,-1.719,20.821,-0.296,-0.296,-18.391,0.0,+32.7356814,-096.7724914
48113008604,"Census Tract 86.04, Dallas County, Texas",2887.0,61.0,1845.0,0.0,0.0,0.0,981.0,"Dallas city, Texas",False,0.419,-14.771,-0.372,-0.041,14.765,0.0,+32.7174152,-096.7700742
48113008701,"Census Tract 87.01, Dallas County, Texas",5394.0,64.0,4235.0,0.0,0.0,0.0,1012.0,"Dallas city, Texas",False,0.226,-15.194,-0.275,-0.069,13.819,0.0,+32.7008937,-096.7640305
48113008703,"Census Tract 87.03, Dallas County, Texas",3034.0,144.0,1828.0,8.0,0.0,0.0,1054.0,"Dallas city, Texas",False,3.766,-19.38,0.191,-0.036,15.532,0.0,+32.7030426,-096.7825885
48113008704,"Census Tract 87.04, Dallas County, Texas",3809.0,51.0,2888.0,27.0,0.0,0.0,843.0,"Dallas city, Texas",False,-1.543,-15.594,0.439,0.0,16.698,0.0,+32.6951584,-096.7814709
48113008705,"Census Tract 87.05, Dallas County, Texas",1403.0,31.0,896.0,6.0,0.0,0.0,467.0,"Dallas city, Texas",False,1.294,-21.87,0.035,-0.196,20.524,0.0,+32.6864451,-096.7791135
48113008801,"Census Tract 88.01, Dallas County, Texas",2898.0,24.0,1922.0,22.0,0.0,0.0,866.0,"Dallas city, Texas",False,0.291,-29.423,0.682,-0.345,26.587,0.0,+32.7188747,-096.7927092
48113008802,"Census Tract 88.02, Dallas County, Texas",4751.0,118.0,2725.0,51.0,0.0,0.0,1810.0,"Dallas city, Texas",False,1.872,-34.504,0.911,-0.091,30.84,0.0,+32.7102895,-096.7875068
48113008900,"Census Tract 89, Dallas County, Texas",3550.0,50.0,2342.0,0.0,0.0,0.0,1158.0,"Dallas city, Texas",False,0.566,-18.277,-0.476,-0.256,18.444,0.0,+32.7431938,-096.7910735
48113009000,"Census Tract 90, Dallas County, Texas",9056.0,672.0,2133.0,0.0,24.0,0.0,6157.0,"Dallas city, Texas",False,-15.339,-10.353,-0.64,-0.23,25.933,0.0,+32.7612709,-096.6751448
48113009101,"Census Tract 91.01, Dallas County, Texas",5808.0,541.0,1314.0,0.0,0.0,0.0,3926.0,"Dallas city, Texas",False,-8.494,-10.044,-0.399,-0.532,19.182,0.0,+32.7564878,-096.6943469
48113009103,"Census Tract 91.03, Dallas County, Texas",3722.0,148.0,867.0,0.0,0.0,0.0,2707.0,"Dallas city, Texas",False,-2.857,-20.826,-0.131,-0.493,24.405,0.0,+32.7406358,-096.7044158
48113009104,"Census Tract 91.04, Dallas County, Texas",3644.0,269.0,812.0,0.0,0.0,0.0,2559.0,"Dallas city, Texas",False,-8.492,-6.587,-0.242,-0.545,15.817,0.0,+32.7454629,-096.6918433
48113009105,"Census Tract 91.05, Dallas County, Texas",3991.0,263.0,523.0,0.0,0.0,0.0,3178.0,"Dallas city, Texas",False,-9.079,-5.973,-0.456,-0.483,15.476,0.0,+32.7383023,-096.6911076
48113009201,"Census Tract 92.01, Dallas County, Texas",6773.0,435.0,1130.0,45.0,0.0,0.0,5208.0,"Dallas city, Texas",False,-20.637,-10.698,0.054,-0.373,32.591,0.0,+32.7419837,-096.6725100
48113009202,"Census Tract 92.02, Dallas County, Texas",6875.0,432.0,836.0,0.0,0.0,0.0,5607.0,"Dallas city, Texas",False,-17.824,-4.434,-0.916,-0.42,23.746,-0.019,+32.7273351,-096.6736676
48113009301,"Census Tract 93.01, Dallas County, Texas",5065.0,214.0,334.0,0.0,49.0,0.0,4457.0,"Dallas city, Texas",False,-15.81,-5.095,-0.471,0.769,20.809,0.0,+32.7286814,-096.6930624
48113009303,"Census Tract 93.03, Dallas County, Texas",4224.0,159.0,606.0,0.0,0.0,0.0,3443.0,"Dallas city, Texas",False,-3.311,-6.384,-0.236,-0.283,10.071,0.0,+32.7209387,-096.7242418
48113009304,"Census Tract 93.04, Dallas County, Texas",6743.0,103.0,4057.0,0.0,0.0,0.0,2583.0,"Dallas city, Texas",False,-1.514,-10.959,-0.18,-0.216,12.905,0.0,+32.7171733,-096.6996967
48113009401,"Census Tract 94.01, Dallas County, Texas",3384.0,1926.0,69.0,43.0,42.0,0.0,1299.0,"Dallas city, Texas",False,17.737,-0.977,0.951,0.761,-18.458,0.0,+32.8718773,-096.8520177
48113009402,"Census Tract 94.02, Dallas County, Texas",2496.0,1998.0,0.0,10.0,58.0,12.0,355.0,"Dallas city, Texas",False,-0.843,-0.763,-0.482,0.758,-1.554,0.481,+32.8712053,-096.8431695
48113009500,"Census Tract 95, Dallas County, Texas",2112.0,1623.0,83.0,0.0,27.0,0.0,342.0,"Dallas city, Texas",False,-12.507,3.293,-0.318,-1.133,9.187,-0.045,+32.8877124,-096.8473457
48113009603,"Census Tract 96.03, Dallas County, Texas",4500.0,3355.0,162.0,6.0,266.0,0.0,556.0,"Dallas city, Texas",False,-11.462,0.033,-0.37,2.804,5.901,0.0,+32.9174231,-096.8278434
48113009604,"Census Tract 96.04, Dallas County, Texas",4556.0,2852.0,430.0,0.0,37.0,0.0,1189.0,"Dallas city, Texas",False,-0.813,-2.297,-0.356,-3.075,6.197,-0.022,+32.9195766,-096.8092909
48113009605,"Census Tract 96.05, Dallas County, Texas",3416.0,741.0,128.0,23.0,192.0,0.0,2335.0,"Dallas city, Texas",False,-22.688,-4.159,-0.152,-2.973,30.954,0.0,+32.9122419,-096.8674949
48113009607,"Census Tract 96.07, Dallas County, Texas",3475.0,2398.0,225.0,0.0,41.0,0.0,775.0,"Dallas city, Texas",False,-6.928,3.592,-0.485,-1.075,3.975,0.0,+32.9026083,-096.8640984
48113009608,"Census Tract 96.08, Dallas County, Texas",3324.0,2258.0,103.0,8.0,62.0,0.0,750.0,"Dallas city, Texas",False,14.035,-7.07,-0.125,-3.687,-6.154,-0.02,+32.9159703,-096.8462663
48113009609,"Census Tract 96.09, Dallas County, Texas",3055.0,2630.0,53.0,0.0,85.0,0.0,250.0,"Dallas city, Texas",False,-5.063,0.767,-0.553,1.883,1.927,0.0,+32.9023840,-096.8472910
48113009610,"Census Tract 96.10, Dallas County, Texas",5391.0,1376.0,57.0,26.0,17.0,0.0,3941.0,"Dallas city, Texas",False,19.669,-7.313,0.445,-2.273,-9.955,0.0,+32.9027823,-096.8856310
48113009611,"Census Tract 96.11, Dallas County, Texas",3612.0,1494.0,164.0,0.0,137.0,0.0,1817.0,"Dallas city, Texas",False,-5.684,-3.116,-0.731,-1.734,11.646,0.0,+32.9021569,-096.8765214
48113009701,"Census Tract 97.01, Dallas County, Texas",5017.0,2201.0,163.0,92.0,17.0,0.0,2475.0,"Dallas city, Texas",False,7.274,-2.218,1.417,-1.966,-5.706,0.0,+32.8879437,-096.8771563
48113009702,"Census Tract 97.02, Dallas County, Texas",3129.0,2483.0,10.0,6.0,79.0,0.0,496.0,"Dallas city, Texas",False,-4.597,-3.247,-0.288,1.222,5.427,0.0,+32.8885622,-096.8626297
48113009802,"Census Tract 98.02, Dallas County, Texas",5854.0,1823.0,81.0,0.0,41.0,0.0,3909.0,"Dallas city, Texas",False,21.405,-2.447,-0.321,0.273,-18.651,0.0,+32.8717281,-096.8601617
48113009803,"Census Tract 98.03, Dallas County, Texas",2266.0,850.0,120.0,4.0,22.0,0.0,1249.0,"Dallas city, Texas",False,16.208,-8.433,-0.296,-1.229,-6.841,0.0,+32.8759700,-096.8751948
48113009804,"Census Tract 98.04, Dallas County, Texas",8145.0,2715.0,97.0,9.0,28.0,0.0,5296.0,"Dallas city, Texas",False,29.5,-7.025,0.022,-0.041,-22.402,0.0,+32.8701843,-096.8716044
48113009900,"Census Tract 99, Dallas County, Texas",4371.0,986.0,905.0,0.0,1222.0,0.0,1133.0,"Dallas city, Texas",False,5.867,9.194,-0.36,2.849,-19.906,0.0,+32.8844801,-096.9082259
48113010000,"Census Tract 100, Dallas County, Texas",10393.0,2757.0,4510.0,94.0,243.0,0.0,2428.0,"Dallas city, Texas",True,-11.514,1.03,-0.458,1.849,5.693,0.0,+32.8114428,-096.8620144
48113010101,"Census Tract 101.01, Dallas County, Texas",4657.0,347.0,1907.0,15.0,12.0,0.0,2391.0,"Dallas city, Texas",False,6.84,-19.38,0.295,0.205,12.415,0.0,+32.7878308,-096.8488061
48113010102,"Census Tract 101.02, Dallas County, Texas",3046.0,261.0,128.0,83.0,0.0,0.0,2657.0,"Dallas city, Texas",False,5.448,0.098,2.263,-0.087,-4.939,0.0,+32.7830828,-096.8346795
48113010500,"Census Tract 105, Dallas County, Texas",3020.0,243.0,784.0,20.0,0.0,0.0,1993.0,"Dallas city, Texas",False,7.668,-41.828,0.62,0.0,34.202,0.0,+32.7768468,-096.8875949
48113010601,"Census Tract 106.01, Dallas County, Texas",6103.0,846.0,72.0,20.0,0.0,0.0,5155.0,"Dallas city, Texas",False,10.492,-3.41,-0.059,0.0,-7.108,0.0,+32.7874552,-096.8979923
48113010602,"Census Tract 106.02, Dallas County, Texas",2972.0,486.0,855.0,0.0,68.0,0.0,1563.0,"Dallas city, Texas",False,12.237,14.857,-0.442,-3.596,-22.851,0.0,+32.7740423,-096.9156261
48113010701,"Census Tract 107.01, Dallas County, Texas",5761.0,293.0,371.0,58.0,42.0,0.0,4830.0,"Dallas city, Texas",False,-14.689,4.994,0.198,0.527,6.159,0.0,+32.7604490,-096.9001936
48113010703,"Census Tract 107.03, Dallas County, Texas",2879.0,108.0,343.0,3.0,9.0,0.0,2416.0,"Dallas city, Texas",False,-3.884,-6.613,-0.371,-4.302,15.204,-0.034,+32.7286065,-096.9340696
48113010704,"Census Tract 107.04, Dallas County, Texas",5874.0,295.0,1408.0,6.0,160.0,0.0,4005.0,"Dallas city, Texas",False,-9.092,6.246,-0.554,0.755,2.673,0.0,+32.7368272,-096.9075062
48113010801,"Census Tract 108.01, Dallas County, Texas",9781.0,616.0,1330.0,0.0,104.0,0.0,7731.0,"Dallas city, Texas",False,-8.649,-13.083,-0.647,-3.469,25.974,0.0,+32.7149602,-096.9000054
48113010803,"Census Tract 108.03, Dallas County, Texas",8368.0,1585.0,2860.0,0.0,63.0,0.0,3858.0,"Dallas city, Texas",False,-0.826,-27.991,-0.32,0.098,29.204,-0.015,+32.6984258,-096.8763430
48113010804,"Census Tract 108.04, Dallas County, Texas",5733.0,93.0,2115.0,18.0,0.0,0.0,3406.0,"Dallas city, Texas",False,-6.203,14.717,-0.008,-0.27,-9.805,0.0,+32.7132637,-096.8626793
48113010805,"Census Tract 108.05, Dallas County, Texas",6392.0,280.0,1699.0,58.0,60.0,0.0,4310.0,"Dallas city, Texas",False,-3.445,4.405,0.585,0.669,-1.787,0.0,+32.7115251,-096.8794147
48113010902,"Census Tract 109.02, Dallas County, Texas",8234.0,124.0,6196.0,0.0,80.0,0.0,1626.0,"Dallas city, Texas",False,-1.153,-16.114,-0.22,0.752,14.466,-0.018,+32.6584367,-096.8638137
48113010903,"Census Tract 109.03, Dallas County, Texas",3431.0,120.0,1876.0,17.0,2.0,0.0,1288.0,"Dallas city, Texas",False,-1.231,-27.258,0.359,-0.214,24.732,0.0,+32.6764033,-096.8868308
48113010904,"Census Tract 109.04, Dallas County, Texas",3663.0,54.0,2441.0,27.0,10.0,0.0,964.0,"Dallas city, Texas",False,-3.255,-15.297,0.601,0.001,13.509,0.0,+32.6755928,-096.8721026
48113011001,"Census Tract 110.01, Dallas County, Texas",8041.0,478.0,5197.0,0.0,0.0,0.0,2364.0,"Dallas city, Texas",False,-3.828,-20.746,-0.245,-0.201,24.995,0.0,+32.6817052,-096.8486547
48113011002,"Census Tract 110.02, Dallas County, Texas",3392.0,169.0,2411.0,0.0,0.0,0.0,799.0,"Dallas city, Texas",False,-8.256,-11.887,-0.324,-0.292,20.375,0.0,+32.6819475,-096.8321421
48113011101,"Census Tract 111.01, Dallas County, Texas",4736.0,600.0,3363.0,0.0,0.0,0.0,773.0,"Dallas city, Texas",False,6.159,-20.162,-0.197,-0.099,14.3,0.0,+32.6581693,-096.8479962
48113011103,"Census Tract 111.03, Dallas County, Texas",3803.0,470.0,1472.0,0.0,12.0,0.0,1844.0,"Dallas city, Texas",False,1.092,-14.176,-0.078,0.186,13.078,0.0,+32.6682275,-096.8310467
48113011104,"Census Tract 111.04, Dallas County, Texas",4063.0,122.0,2254.0,0.0,0.0,0.0,1633.0,"Dallas city, Texas",False,0.074,-35.212,-0.25,-0.1,34.26,0.0,+32.6518263,-096.8352632
48113011105,"Census Tract 111.05, Dallas County, Texas",4929.0,66.0,2861.0,0.0,0.0,0.0,1950.0,"Dallas city, Texas",False,-0.34,-34.964,-0.046,-0.023,34.318,-0.023,+32.6525669,-096.8268646
48113011200,"Census Tract 112, Dallas County, Texas",7334.0,313.0,4683.0,0.0,19.0,0.0,2019.0,"Dallas city, Texas",False,-0.969,-15.839,-0.291,-0.09,13.243,0.0,+32.6629508,-096.8144614
48113011300,"Census Tract 113, Dallas County, Texas",5201.0,115.0,4393.0,0.0,0.0,0.0,679.0,"Dallas city, Texas",False,0.546,-11.715,-0.363,0.0,11.348,0.0,+32.6662841,-096.7955587
48113011401,"Census Tract 114.01, Dallas County, Texas",5453.0,194.0,4109.0,19.0,0.0,0.0,930.0,"Dallas city, Texas",False,2.455,-20.332,0.274,-0.147,14.064,0.0,+32.6792908,-096.7693528
48113011500,"Census Tract 115, Dallas County, Texas",4608.0,340.0,1901.0,0.0,0.0,0.0,2348.0,"Dallas city, Texas",False,6.571,-27.995,-0.141,-0.141,21.314,0.0,+32.7347662,-096.7268403
48113011601,"Census Tract 116.01, Dallas County, Texas",4866.0,198.0,2565.0,128.0,0.0,0.0,2098.0,"Dallas city, Texas",False,-7.741,-3.09,2.4,-0.077,11.188,0.0,+32.7048154,-096.7163225
48113011602,"Census Tract 116.02, Dallas County, Texas",6860.0,706.0,1248.0,0.0,94.0,0.0,4812.0,"Dallas city, Texas",False,-28.164,10.834,-1.148,1.032,17.783,0.0,+32.6921655,-096.6626202
48113011701,"Census Tract 117.01, Dallas County, Texas",7010.0,414.0,1481.0,28.0,0.0,0.0,5099.0,"Dallas city, Texas",False,-11.317,-16.303,0.048,-0.492,28.497,0.0,+32.7119955,-096.6620633
48113011702,"Census Tract 117.02, Dallas County, Texas",5771.0,488.0,699.0,0.0,87.0,0.0,4495.0,"Dallas city, Texas",False,-29.873,-2.282,-1.018,0.869,32.908,0.0,+32.7050438,-096.6410137
48113011800,"Census Tract 118, Dallas County, Texas",11243.0,640.0,2526.0,0.0,0.0,9.0,8068.0,"Dallas city, Texas",False,-14.1,-19.265,-0.931,-0.31,34.645,0.08,+32.7273653,-096.6475439
48113011900,"Census Tract 119, Dallas County, Texas",11274.0,707.0,3106.0,20.0,19.0,0.0,7386.0,"Dallas city, Texas",False,-7.645,-14.672,-0.262,-0.235,22.68,-0.012,+32.7415148,-096.6474452
48113012000,"Census Tract 120, Dallas County, Texas",8973.0,288.0,2783.0,39.0,0.0,10.0,5840.0,"Dallas city, Texas",False,-9.921,-24.638,-0.057,-0.313,34.719,0.096,+32.7558865,-096.6583533
48113012100,"Census Tract 121, Dallas County, Texas",6977.0,320.0,2900.0,48.0,46.0,0.0,3663.0,"Dallas city, Texas",False,-5.192,-11.104,0.334,-3.71,19.695,0.0,+32.7695551,-096.6608460
48113012204,"Census Tract 122.04, Dallas County, Texas",7322.0,2669.0,775.0,0.0,0.0,0.0,3598.0,"Dallas city, Texas",False,-8.299,-15.097,-1.011,-4.976,25.849,0.0,+32.8005195,-096.7048392
48113012206,"Census Tract 122.06, Dallas County, Texas",5646.0,641.0,2595.0,15.0,30.0,0.0,2256.0,"Dallas city, Texas",False,-19.683,-3.446,0.051,-0.847,22.274,0.0,+32.7870622,-096.7088791
48113012207,"Census Tract 122.07, Dallas County, Texas",7617.0,614.0,3764.0,44.0,45.0,0.0,3184.0,"Dallas city, Texas",False,-1.489,-11.065,0.376,-3.425,16.065,-0.016,+32.7859619,-096.6844696
48113012208,"Census Tract 122.08, Dallas County, Texas",2654.0,132.0,976.0,49.0,0.0,0.0,1497.0,"Dallas city, Texas",False,-1.252,14.227,1.717,-0.226,-14.305,-0.032,+32.7997127,-096.7221897
48113012209,"Census Tract 122.09, Dallas County, Texas",2561.0,1456.0,490.0,0.0,69.0,0.0,546.0,"Dallas city, Texas",False,16.887,-9.409,-0.61,1.982,-8.714,0.0,+32.8127017,-096.7039329
48113012210,"Census Tract 122.10, Dallas County, Texas",4595.0,871.0,2250.0,0.0,69.0,0.0,1358.0,"Dallas city, Texas",False,-5.327,-5.34,-0.502,0.593,9.721,0.0,+32.8110570,-096.6915985
48113012211,"Census Tract 122.11, Dallas County, Texas",4553.0,514.0,1798.0,0.0,9.0,0.0,2115.0,"Dallas city, Texas",False,-2.254,-21.785,-0.133,-3.586,25.298,0.0,+32.8022212,-096.6890352
48113012301,"Census Tract 123.01, Dallas County, Texas",4773.0,737.0,543.0,0.0,0.0,0.0,3472.0,"Dallas city, Texas",False,-18.094,-12.595,-0.948,-2.341,33.74,-0.04,+32.8174530,-096.6747412
48113012302,"Census Tract 123.02, Dallas County, Texas",9043.0,798.0,3677.0,0.0,206.0,0.0,4153.0,"Dallas city, Texas",False,-12.453,6.254,-0.757,-11.186,16.288,-0.018,+32.8078631,-096.6755001
48113012400,"Census Tract 124, Dallas County, Texas",5447.0,2636.0,85.0,21.0,0.0,0.0,2542.0,"Dallas city, Texas",False,-19.871,-2.737,-0.453,-0.979,21.508,0.0,+32.8282285,-096.6848089
48113012500,"Census Tract 125, Dallas County, Texas",8118.0,1684.0,203.0,3.0,153.0,0.0,6039.0,"Dallas city, Texas",False,-26.842,-5.238,-1.071,-0.202,33.052,-0.028,+32.8297473,-096.6667810
48113012601,"Census Tract 126.01, Dallas County, Texas",6256.0,773.0,866.0,60.0,564.0,23.0,3970.0,"Dallas city, Texas",False,-10.411,-12.28,0.382,-8.214,30.462,0.368,+32.8547596,-096.6601709
48113012603,"Census Tract 126.03, Dallas County, Texas",2154.0,707.0,36.0,0.0,34.0,4.0,1365.0,"Dallas city, Texas",False,-9.725,-32.603,-0.712,-0.778,43.521,0.172,+32.8408732,-096.6576767
48113012604,"Census Tract 126.04, Dallas County, Texas",7112.0,1665.0,2301.0,0.0,194.0,0.0,2918.0,"Dallas city, Texas",False,-19.137,-1.92,-0.712,0.372,21.18,-0.014,+32.8428141,-096.6460224
48113012701,"Census Tract 127.01, Dallas County, Texas",6018.0,1610.0,543.0,57.0,135.0,0.0,3713.0,"Dallas city, Texas",False,-20.743,2.452,-0.267,-2.398,21.821,-0.033,+32.8521247,-096.6724363
48113012702,"Census Tract 127.02, Dallas County, Texas",3437.0,839.0,227.0,5.0,0.0,0.0,2359.0,"Dallas city, Texas",False,-23.564,0.459,-0.976,-0.904,25.034,0.0,+32.8397419,-096.6761172
48113012800,"Census Tract 128, Dallas County, Texas",8153.0,4112.0,445.0,3.0,30.0,0.0,3299.0,"Dallas city, Texas",False,-15.903,1.119,-0.961,-0.723,13.458,0.0,+32.8552396,-096.6881604
48113012900,"Census Tract 129, Dallas County, Texas",4489.0,3327.0,81.0,0.0,14.0,0.0,860.0,"Dallas city, Texas",False,-12.302,-1.773,-0.614,-0.851,11.17,0.0,+32.8498924,-096.7118285
48113013004,"Census Tract 130.04, Dallas County, Texas",6867.0,6069.0,298.0,14.0,75.0,0.0,307.0,"Dallas city, Texas",False,-2.169,1.795,-0.424,-0.147,-0.348,0.0,+32.8699275,-096.7214179
48113013005,"Census Tract 130.05, Dallas County, Texas",3682.0,3060.0,79.0,0.0,109.0,0.0,374.0,"Dallas city, Texas",False,15.985,-17.491,-0.367,0.76,-0.048,-0.02,+32.8748849,-096.7049194
48113013007,"Census Tract 130.07, Dallas County, Texas",3950.0,1426.0,425.0,9.0,1062.0,0.0,987.0,"Dallas city, Texas",False,-19.05,-10.966,-0.528,24.702,5.502,0.0,+32.8696651,-096.6939127
48113013008,"Census Tract 130.08, Dallas County, Texas",3918.0,2350.0,353.0,0.0,475.0,0.0,639.0,"Dallas city, Texas",False,-10.437,-5.101,-1.028,10.957,3.42,0.0,+32.8859477,-096.7236148
48113013009,"Census Tract 130.09, Dallas County, Texas",5026.0,2480.0,1418.0,5.0,120.0,0.0,956.0,"Dallas city, Texas",False,-4.49,-2.565,-0.328,0.836,5.902,-0.019,+32.8872303,-096.7131524
48113013010,"Census Tract 130.10, Dallas County, Texas",4607.0,843.0,1137.0,0.0,80.0,0.0,2525.0,"Dallas city, Texas",False,-12.885,-10.792,-0.66,0.05,24.126,0.0,+32.8688147,-096.6802329
48113013011,"Census Tract 130.11, Dallas County, Texas",4812.0,621.0,1227.0,0.0,98.0,0.0,2782.0,"Dallas city, Texas",False,-18.278,-9.973,-0.66,0.351,27.132,0.0,+32.8780414,-096.6923776
48113013101,"Census Tract 131.01, Dallas County, Texas",2921.0,2544.0,33.0,0.0,103.0,0.0,211.0,"Dallas city, Texas",False,-8.538,0.452,-0.565,2.547,5.152,0.0,+32.9027135,-096.7789378
48113013102,"Census Tract 131.02, Dallas County, Texas",1943.0,1776.0,17.0,5.0,33.0,0.0,42.0,"Dallas city, Texas",False,-1.562,0.081,-0.253,-0.401,-1.185,0.0,+32.8876704,-096.7818016
48113013104,"Census Tract 131.04, Dallas County, Texas",908.0,771.0,70.0,0.0,6.0,0.0,61.0,"Dallas city, Texas",True,26.16,-5.185,-0.45,-4.971,-15.031,-0.012,+32.8834314,-096.7738910
48113013105,"Census Tract 131.05, Dallas County, Texas",6659.0,3163.0,1787.0,0.0,340.0,0.0,1278.0,"Dallas city, Texas",False,-11.252,13.942,-0.45,-0.526,-2.557,-0.012,+32.8925841,-096.7735902
48113013200,"Census Tract 132, Dallas County, Texas",7556.0,5073.0,710.0,16.0,351.0,0.0,1374.0,"Dallas city, Texas",False,-22.275,6.936,-0.267,1.247,14.307,0.0,+32.9173463,-096.7857196
48113013300,"Census Tract 133, Dallas County, Texas",2024.0,1742.0,29.0,44.0,134.0,0.0,67.0,"Dallas city, Texas",False,-8.032,0.695,1.647,5.462,0.096,0.0,+32.9026790,-096.7933933
48113013400,"Census Tract 134, Dallas County, Texas",2044.0,1649.0,36.0,3.0,183.0,0.0,134.0,"Dallas city, Texas",False,-11.073,1.095,-0.366,7.108,1.43,0.0,+32.9021160,-096.8113847
48113013500,"Census Tract 135, Dallas County, Texas",2298.0,2067.0,0.0,0.0,122.0,0.0,84.0,"Dallas city, Texas",False,-3.656,-0.925,-0.563,3.056,1.161,0.0,+32.9023925,-096.8285270
48113013605,"Census Tract 136.05, Dallas County, Texas",6094.0,4405.0,37.0,0.0,124.0,0.0,1200.0,"Dallas city, Texas",False,-14.422,-1.161,-0.737,-3.213,14.572,-0.018,+32.9699569,-096.7749458
48113013606,"Census Tract 136.06, Dallas County, Texas",5747.0,2914.0,652.0,0.0,259.0,0.0,1685.0,"Dallas city, Texas",False,-22.412,5.367,-0.977,-3.176,17.843,0.0,+32.9560756,-096.7952680
48113013607,"Census Tract 136.07, Dallas County, Texas",3532.0,2364.0,140.0,0.0,86.0,0.0,830.0,"Dallas city, Texas",False,-20.46,1.388,-0.599,-2.207,19.306,0.0,+32.9562506,-096.7777200
48113013608,"Census Tract 136.08, Dallas County, Texas",2410.0,2052.0,46.0,0.0,131.0,0.0,159.0,"Dallas city, Texas",False,-6.318,0.021,-0.315,2.171,3.687,0.0,+32.9387313,-096.7951918
48113013609,"Census Tract 136.09, Dallas County, Texas",3902.0,1664.0,327.0,0.0,17.0,0.0,1827.0,"Dallas city, Texas",False,-17.031,-7.33,-0.611,-5.97,29.89,0.0,+32.9451778,-096.7771517
48113013610,"Census Tract 136.10, Dallas County, Texas",5301.0,2189.0,231.0,0.0,63.0,0.0,2358.0,"Dallas city, Texas",False,-13.389,-2.452,-0.599,-2.087,10.27,0.0,+32.9322943,-096.7776406
48113013611,"Census Tract 136.11, Dallas County, Texas",2709.0,1992.0,167.0,0.0,241.0,0.0,147.0,"Dallas city, Texas",False,-15.776,4.299,-0.252,2.996,3.005,0.0,+32.9779621,-096.8140173
48113013615,"Census Tract 136.15, Dallas County, Texas",6098.0,749.0,1761.0,0.0,103.0,0.0,3298.0,"Dallas city, Texas",False,-22.469,15.882,-0.424,-4.414,8.915,-0.019,+32.9328197,-096.8082826
48113013616,"Census Tract 136.16, Dallas County, Texas",6716.0,2978.0,804.0,82.0,602.0,0.0,1869.0,"Dallas city, Texas",False,-21.931,4.704,0.753,2.841,8.766,-0.001,+32.9557470,-096.8245373
48113013617,"Census Tract 136.17, Dallas County, Texas",2830.0,1970.0,252.0,0.0,108.0,0.0,315.0,"Dallas city, Texas",False,-13.497,5.909,-0.757,-2.671,4.71,-0.033,+32.9818782,-096.7959580
48113013618,"Census Tract 136.18, Dallas County, Texas",3057.0,1606.0,143.0,2.0,394.0,0.0,850.0,"Dallas city, Texas",False,-33.785,2.999,-0.103,4.118,24.826,0.0,+32.9825622,-096.7764651
48113013619,"Census Tract 136.19, Dallas County, Texas",5249.0,3898.0,155.0,150.0,424.0,0.0,579.0,"Dallas city, Texas",False,-12.38,1.358,2.408,0.986,7.335,0.0,+32.9706285,-096.7951314
48113013620,"Census Tract 136.20, Dallas County, Texas",5474.0,2543.0,1476.0,23.0,488.0,0.0,646.0,"Dallas city, Texas",False,-26.893,19.592,-0.347,2.023,0.825,-0.027,+32.9617210,-096.8173231
48113013621,"Census Tract 136.21, Dallas County, Texas",4396.0,1429.0,887.0,24.0,164.0,0.0,1746.0,"Dallas city, Texas",False,-40.842,12.805,-0.221,-3.161,28.742,-0.027,+32.9605446,-096.8087578
48113013622,"Census Tract 136.22, Dallas County, Texas",2724.0,1286.0,445.0,0.0,88.0,0.0,791.0,"Dallas city, Texas",False,-11.752,5.609,-0.623,-4.698,7.987,0.0,+32.9496147,-096.8110809
48113013623,"Census Tract 136.23, Dallas County, Texas",7126.0,1451.0,1192.0,0.0,413.0,0.0,3922.0,"Dallas city, Texas",False,-38.6,6.0,-0.623,-2.133,33.987,0.0,+32.9423468,-096.8081071
48113013624,"Census Tract 136.24, Dallas County, Texas",4317.0,1499.0,578.0,23.0,982.0,0.0,1009.0,"Dallas city, Texas",False,-17.529,3.907,0.122,14.783,-6.107,-0.025,+32.9470837,-096.8188065
48113013625,"Census Tract 136.25, Dallas County, Texas",3426.0,456.0,1107.0,23.0,120.0,25.0,1567.0,"Dallas city, Texas",False,-38.942,22.83,0.26,-4.461,16.258,0.705,+32.9432154,-096.8203727
48113013626,"Census Tract 136.26, Dallas County, Texas",3231.0,547.0,669.0,44.0,233.0,0.0,1526.0,"Dallas city, Texas",False,-35.322,11.224,0.951,-0.753,17.75,-0.025,+32.9352665,-096.8173761
48113013722,"Census Tract 137.22, Dallas County, Texas",4875.0,1651.0,1108.0,8.0,349.0,0.0,1549.0,"Dallas city, Texas",False,-30.331,10.265,-0.497,-1.8,18.584,-0.066,+32.9799682,-096.8535275
48113013727,"Census Tract 137.27, Dallas County, Texas",3278.0,1550.0,674.0,26.0,269.0,0.0,666.0,"Dallas city, Texas",False,-22.438,13.208,-0.055,0.818,6.632,-0.035,+32.9668558,-096.8383126
48113013806,"Census Tract 138.06, Dallas County, Texas",3895.0,1583.0,476.0,0.0,708.0,0.0,822.0,"Dallas city, Texas",False,4.111,-0.958,-0.58,7.319,-16.736,-0.015,+32.9349650,-096.8377949
48113014001,"Census Tract 140.01, Dallas County, Texas",4809.0,2332.0,110.0,96.0,403.0,0.0,1907.0,"Dallas city, Texas",False,-16.709,-0.112,1.267,4.609,12.304,0.0,+32.9173310,-096.8865444
48113014002,"Census Tract 140.02, Dallas County, Texas",37.0,37.0,0.0,0.0,0.0,0.0,0.0,"Dallas city, Texas",False,34.509,-4.678,-0.92,-14.647,-12.883,0.0,+32.9439955,-096.9200945
48113014119,"Census Tract 141.19, Dallas County, Texas",4663.0,2963.0,174.0,0.0,639.0,0.0,635.0,"Dallas city, Texas",False,-20.039,1.729,-0.536,7.207,6.725,0.0,+32.9585722,-096.9846196
48113014120,"Census Tract 141.20, Dallas County, Texas",5059.0,3456.0,45.0,5.0,867.0,0.0,580.0,"Dallas city, Texas",False,-17.414,-0.409,-0.283,10.909,5.37,0.0,+32.9607899,-096.9669693
48113014121,"Census Tract 141.21, Dallas County, Texas",4995.0,2353.0,456.0,0.0,1127.0,0.0,852.0,"Dallas city, Texas",False,-17.913,-0.288,-0.549,8.207,6.803,0.0,+32.9589130,-096.9448755
48113014123,"Census Tract 141.23, Dallas County, Texas",6021.0,3388.0,98.0,0.0,1800.0,0.0,589.0,"Dallas city, Texas",False,-24.096,-0.991,-0.439,19.647,3.753,0.0,+32.9821055,-096.9608040
48113014127,"Census Tract 141.27, Dallas County, Texas",10395.0,1678.0,1358.0,53.0,6377.0,0.0,573.0,"Dallas city, Texas",False,-50.345,5.499,0.003,44.111,-2.13,-0.011,+32.9326897,-096.9781163
48113014130,"Census Tract 141.30, Dallas County, Texas",4354.0,1228.0,459.0,121.0,1978.0,0.0,467.0,"Dallas city, Texas",False,-33.288,-3.711,2.137,30.982,1.935,-0.012,+32.9222447,-096.9448806
48113014138,"Census Tract 141.38, Dallas County, Texas",3888.0,930.0,494.0,0.0,2005.0,0.0,417.0,"Dallas city, Texas",False,-32.679,3.216,-0.799,27.998,1.609,-0.034,+32.8970537,-096.9338940
48113014206,"Census Tract 142.06, Dallas County, Texas",6681.0,2409.0,2273.0,0.0,809.0,0.0,1116.0,"Dallas city, Texas",False,-46.0,31.621,-0.453,3.863,10.451,0.0,+32.8655761,-096.9356781
48113015800,"Census Tract 158, Dallas County, Texas",2217.0,210.0,0.0,5.0,0.0,0.0,2002.0,"Dallas city, Texas",False,-32.575,-1.521,-0.65,-1.06,36.037,0.0,+32.7570184,-096.9437396
48113015900,"Census Tract 159, Dallas County, Texas",3793.0,736.0,208.0,0.0,56.0,0.0,2759.0,"Dallas city, Texas",False,-28.047,3.245,-1.429,0.714,25.002,0.0,+32.7362108,-096.9692130
48113016301,"Census Tract 163.01, Dallas County, Texas",6983.0,712.0,870.0,31.0,579.0,0.0,4807.0,"Dallas city, Texas",False,-21.265,6.971,-0.329,4.35,10.993,-0.026,+32.7166258,-096.9790594
48113016408,"Census Tract 164.08, Dallas County, Texas",7644.0,2568.0,649.0,109.0,205.0,0.0,4113.0,"Dallas city, Texas",False,-15.736,-5.366,0.227,-4.19,25.301,-0.084,+32.6953623,-096.9917520
48113016409,"Census Tract 164.09, Dallas County, Texas",3397.0,1175.0,792.0,0.0,385.0,0.0,1021.0,"Dallas city, Texas",False,-26.672,10.218,-0.552,3.404,13.124,0.0,+32.6813268,-096.9872695
48113016412,"Census Tract 164.12, Dallas County, Texas",4866.0,1495.0,1139.0,46.0,783.0,0.0,1183.0,"Dallas city, Texas",False,-27.849,2.413,0.217,8.36,12.61,0.0,+32.6606450,-096.9928283
48113016502,"Census Tract 165.02, Dallas County, Texas",6744.0,1216.0,1805.0,0.0,20.0,0.0,3578.0,"Dallas city, Texas",False,-35.197,7.817,-0.678,-2.285,28.749,-0.016,+32.6690947,-096.9086073
48113016510,"Census Tract 165.10, Dallas County, Texas",14644.0,1603.0,6625.0,25.0,804.0,0.0,5558.0,"Dallas city, Texas",False,-20.78,-1.743,-0.088,2.287,20.271,0.0,+32.6444580,-096.9671760
48113016511,"Census Tract 165.11, Dallas County, Texas",4812.0,429.0,2993.0,0.0,88.0,0.0,1279.0,"Dallas city, Texas",False,-12.96,1.418,-0.469,-0.359,12.316,0.0,+32.6256814,-096.9474922
48113016520,"Census Tract 165.20, Dallas County, Texas",8125.0,588.0,1762.0,296.0,249.0,0.0,5526.0,"Dallas city, Texas",False,-29.322,-15.767,3.023,-3.684,49.97,0.0,+32.7036698,-096.9232763
48113016521,"Census Tract 165.21, Dallas County, Texas",7067.0,1867.0,3100.0,0.0,312.0,0.0,1610.0,"Dallas city, Texas",True,-10.14,6.413,-0.62,-2.334,4.74,0.0,+32.6817117,-096.9570148
48113016522,"Census Tract 165.22, Dallas County, Texas",3680.0,1464.0,1141.0,10.0,88.0,0.0,892.0,"Dallas city, Texas",False,-41.45,23.81,-0.706,0.252,15.983,-0.017,+32.6016896,-096.9814312
48113016605,"Census Tract 166.05, Dallas County, Texas",6991.0,541.0,3743.0,107.0,68.0,0.0,2498.0,"Dallas city, Texas",False,-19.166,34.757,0.863,0.104,-17.009,-0.033,+32.6366311,-096.8482501
48113016606,"Census Tract 166.06, Dallas County, Texas",7253.0,945.0,4559.0,0.0,61.0,0.0,1640.0,"Dallas city, Texas",False,-24.785,16.375,-0.139,-1.315,9.678,0.0,+32.6291730,-096.8870084
48113016607,"Census Tract 166.07, Dallas County, Texas",3786.0,59.0,3285.0,18.0,45.0,0.0,268.0,"Dallas city, Texas",False,-1.822,3.103,0.368,0.76,-5.287,0.0,+32.6529540,-096.8863684
48113016701,"Census Tract 167.01, Dallas County, Texas",7259.0,40.0,5725.0,0.0,0.0,0.0,1408.0,"Dallas city, Texas",False,-0.306,-18.236,-0.114,-0.076,17.587,-0.038,+32.6566462,-096.7737673
48113016703,"Census Tract 167.03, Dallas County, Texas",11308.0,636.0,7544.0,0.0,35.0,0.0,2693.0,"Dallas city, Texas",True,-33.951,40.047,-1.009,-0.009,-8.403,0.0,+32.6298669,-096.7788431
48113016902,"Census Tract 169.02, Dallas County, Texas",6078.0,1370.0,1967.0,17.0,14.0,0.0,2485.0,"Dallas city, Texas",False,-10.43,-12.152,-0.67,-0.186,20.291,0.0,+32.6469938,-096.7003825
48113017001,"Census Tract 170.01, Dallas County, Texas",9961.0,4114.0,1156.0,68.0,0.0,0.0,4442.0,"Dallas city, Texas",False,-24.963,0.12,-0.727,-0.691,24.775,-0.014,+32.6206005,-096.5868283
48113017003,"Census Tract 170.03, Dallas County, Texas",11769.0,3475.0,1997.0,17.0,57.0,0.0,6174.0,"Dallas city, Texas",False,-46.815,10.55,-0.877,0.029,37.153,0.0,+32.6687252,-096.5385845
48113017004,"Census Tract 170.04, Dallas County, Texas",10505.0,2278.0,559.0,218.0,0.0,0.0,7505.0,"Dallas city, Texas",False,-44.393,-1.633,0.871,-0.346,46.24,-0.013,+32.6857863,-096.5800994
48113017101,"Census Tract 171.01, Dallas County, Texas",5946.0,1374.0,1348.0,10.0,0.0,0.0,3166.0,"Dallas city, Texas",False,-37.41,8.863,-1.205,-0.596,29.697,0.0,+32.6957713,-096.6036327
48113017102,"Census Tract 171.02, Dallas County, Texas",6345.0,992.0,1129.0,0.0,0.0,0.0,4185.0,"Dallas city, Texas",False,-34.443,-5.082,-1.203,-0.998,41.366,0.0,+32.6641838,-096.6326800
48113017605,"Census Tract 176.05, Dallas County, Texas",3773.0,288.0,1186.0,0.0,0.0,0.0,2278.0,"Dallas city, Texas",False,-23.111,-4.154,-0.71,-2.887,30.562,-0.061,+32.7545286,-096.6441888
48113017805,"Census Tract 178.05, Dallas County, Texas",5001.0,1505.0,1288.0,41.0,75.0,0.0,2065.0,"Dallas city, Texas",False,-29.359,2.577,-0.227,-0.983,28.13,-0.017,+32.7869383,-096.6473624
48113017806,"Census Tract 178.06, Dallas County, Texas",4799.0,934.0,736.0,34.0,0.0,0.0,3086.0,"Dallas city, Texas",False,-48.254,6.018,-0.427,-1.607,44.489,-0.043,+32.8045623,-096.6599244
48113017808,"Census Tract 178.08, Dallas County, Texas",3931.0,1799.0,420.0,32.0,260.0,0.0,1330.0,"Dallas city, Texas",False,-29.032,0.327,-0.104,1.384,25.671,0.0,+32.8291502,-096.6067159
48113017900,"Census Tract 179, Dallas County, Texas",5527.0,1045.0,637.0,19.0,28.0,0.0,3725.0,"Dallas city, Texas",False,-48.487,6.165,-0.818,-0.267,42.432,0.0,+32.8174784,-096.6546620
48113018001,"Census Tract 180.01, Dallas County, Texas",6427.0,2136.0,805.0,0.0,34.0,0.0,3280.0,"Dallas city, Texas",False,-39.155,4.004,-0.95,-1.774,35.587,0.0,+32.8335679,-096.6446373
48113018104,"Census Tract 181.04, Dallas County, Texas",7508.0,3810.0,1097.0,61.0,992.0,0.0,1361.0,"Dallas city, Texas",False,-28.829,5.942,0.002,11.068,9.546,0.0,+32.8005250,-096.5475766
48113018110,"Census Tract 181.10, Dallas County, Texas",5218.0,3478.0,431.0,54.0,639.0,0.0,550.0,"Dallas city, Texas",False,-23.35,4.558,0.321,10.517,7.007,0.0,+32.8828347,-096.6009298
48113018118,"Census Tract 181.18, Dallas County, Texas",8481.0,2084.0,2230.0,37.0,1773.0,0.0,2146.0,"Dallas city, Texas",False,-34.259,8.906,-0.632,15.719,8.537,-0.034,+32.8619294,-096.5850983
48113018124,"Census Tract 181.24, Dallas County, Texas",19493.0,9509.0,3934.0,86.0,1494.0,0.0,3962.0,"Dallas city, Texas",False,-29.256,11.299,-0.3,5.519,10.37,0.0,+32.9379930,-096.5431588
48113018126,"Census Tract 181.26, Dallas County, Texas",6766.0,2291.0,1309.0,90.0,0.0,0.0,3063.0,"Dallas city, Texas",False,-33.899,6.074,0.502,-2.661,30.131,-0.097,+32.8587846,-096.6299976
48113018127,"Census Tract 181.27, Dallas County, Texas",2781.0,840.0,201.0,18.0,84.0,0.0,1458.0,"Dallas city, Texas",False,-26.631,-2.21,-0.463,1.077,22.101,-0.035,+32.8529348,-096.6393290
48113018129,"Census Tract 181.29, Dallas County, Texas",4911.0,2155.0,1253.0,0.0,66.0,6.0,1393.0,"Dallas city, Texas",False,-32.452,15.91,-0.543,-2.691,19.092,0.122,+32.8431180,-096.6129938
48113018132,"Census Tract 181.32, Dallas County, Texas",4977.0,1918.0,1248.0,9.0,319.0,0.0,1405.0,"Dallas city, Texas",False,-29.914,11.372,-0.661,0.798,17.505,0.0,+32.8361747,-096.5761895
48113018133,"Census Tract 181.33, Dallas County, Texas",4110.0,2317.0,864.0,78.0,143.0,0.0,658.0,"Dallas city, Texas",False,-19.108,11.406,1.211,0.33,5.221,-0.032,+32.8976698,-096.5661319
48113018135,"Census Tract 181.35, Dallas County, Texas",3785.0,1759.0,323.0,6.0,281.0,6.0,1274.0,"Dallas city, Texas",False,-31.332,-0.289,-0.491,2.006,26.959,0.141,+32.8805889,-096.5271047
48113018136,"Census Tract 181.36, Dallas County, Texas",8057.0,5291.0,678.0,30.0,543.0,0.0,1230.0,"Dallas city, Texas",False,-12.135,-0.408,-0.278,1.321,8.566,-0.018,+32.8803376,-096.5665035
48113018137,"Census Tract 181.37, Dallas County, Texas",4133.0,1328.0,1007.0,85.0,562.0,0.0,1056.0,"Dallas city, Texas",False,-29.753,3.967,1.173,9.165,13.4,-0.044,+32.8620010,-096.5606065
48113018140,"Census Tract 181.40, Dallas County, Texas",6376.0,2921.0,1237.0,0.0,755.0,0.0,1324.0,"Dallas city, Texas",False,-28.106,8.244,-0.558,7.713,10.765,0.0,+32.9167907,-096.5641413
48113018141,"Census Tract 181.41, Dallas County, Texas",3974.0,1767.0,1037.0,34.0,33.0,0.0,959.0,"Dallas city, Texas",False,-21.95,10.928,-0.191,-3.482,11.499,-0.014,+32.8720402,-096.5276514
48113018142,"Census Tract 181.42, Dallas County, Texas",3783.0,1409.0,782.0,0.0,286.0,0.0,996.0,"Dallas city, Texas",False,-29.168,5.504,-1.047,3.248,13.695,-0.014,+32.8390965,-096.5463412
48113018503,"Census Tract 185.03, Dallas County, Texas",5997.0,747.0,4025.0,0.0,163.0,0.0,991.0,"Dallas city, Texas",False,-10.443,16.973,-0.728,-5.094,-1.032,-0.191,+32.9063614,-096.7226357
48113018505,"Census Tract 185.05, Dallas County, Texas",4368.0,482.0,2136.0,0.0,146.0,0.0,1543.0,"Dallas city, Texas",False,-17.508,0.598,-0.566,-3.594,20.721,0.0,+32.9067087,-096.7138570
48113018506,"Census Tract 185.06, Dallas County, Texas",3709.0,542.0,2355.0,8.0,67.0,0.0,712.0,"Dallas city, Texas",False,-13.93,15.191,-0.35,-5.13,4.593,0.0,+32.8978057,-096.6970701
48113019016,"Census Tract 190.16, Dallas County, Texas",3215.0,1005.0,904.0,8.0,565.0,0.0,695.0,"Dallas city, Texas",False,-1.4,5.096,-0.337,-1.345,-2.512,0.0,+32.9194213,-096.7421352
48113019018,"Census Tract 190.18, Dallas County, Texas",5173.0,1350.0,1624.0,22.0,1050.0,0.0,881.0,"Dallas city, Texas",False,-22.013,5.313,-0.193,6.03,6.98,-0.018,+32.9252684,-096.7113834
48113019019,"Census Tract 190.19, Dallas County, Texas",8110.0,1328.0,3276.0,0.0,1097.0,0.0,1752.0,"Dallas city, Texas",False,-11.694,13.693,-0.7,-16.085,7.147,-0.048,+32.9123571,-096.7116638
48113019034,"Census Tract 190.34, Dallas County, Texas",4652.0,909.0,2561.0,0.0,432.0,0.0,711.0,"Dallas city, Texas",False,-17.772,23.007,-0.591,-6.195,1.919,0.0,+32.9210351,-096.7251768
48113019035,"Census Tract 190.35, Dallas County, Texas",7069.0,845.0,2574.0,0.0,474.0,0.0,2753.0,"Dallas city, Texas",False,-24.794,1.18,-0.491,-3.069,21.937,-0.021,+32.9126079,-096.7259060
48113019040,"Census Tract 190.40, Dallas County, Texas",7442.0,1440.0,2738.0,43.0,2034.0,0.0,721.0,"Dallas city, Texas",False,-43.372,25.84,-0.278,9.28,3.297,-0.053,+32.9323213,-096.7387195
48113019041,"Census Tract 190.41, Dallas County, Texas",3140.0,1877.0,423.0,3.0,461.0,0.0,202.0,"Dallas city, Texas",False,-2.945,2.52,-0.76,-3.369,0.042,-0.053,+32.9287945,-096.7272011
48113019205,"Census Tract 192.05, Dallas County, Texas",4147.0,3517.0,311.0,0.0,236.0,0.0,73.0,"Dallas city, Texas",False,-6.732,6.972,-0.682,0.671,-0.161,0.0,+32.9738902,-096.7601189
48113019208,"Census Tract 192.08, Dallas County, Texas",6460.0,831.0,581.0,0.0,287.0,0.0,4571.0,"Dallas city, Texas",False,-9.4,-4.296,-0.428,0.042,11.382,-0.051,+32.9321567,-096.7652533
48113019212,"Census Tract 192.12, Dallas County, Texas",4240.0,22.0,170.0,11.0,0.0,0.0,3970.0,"Dallas city, Texas",False,-13.35,-2.441,0.146,-2.978,17.589,-0.072,+32.9344389,-096.7598217
48113019213,"Census Tract 192.13, Dallas County, Texas",3716.0,362.0,721.0,0.0,126.0,0.0,2463.0,"Dallas city, Texas",False,-4.127,12.953,-0.113,0.413,-9.762,-0.072,+32.9365374,-096.7547381
48113019302,"Census Tract 193.02, Dallas County, Texas",5612.0,3945.0,376.0,12.0,540.0,0.0,605.0,"Dallas city, Texas",False,-11.359,2.261,-0.391,2.879,4.525,0.0,+32.8446397,-096.7804746
48113019502,"Census Tract 195.02, Dallas County, Texas",4626.0,4220.0,0.0,22.0,172.0,0.0,206.0,"Dallas city, Texas",False,-4.552,-0.274,0.039,2.694,2.06,0.0,+32.8446102,-096.8063284
48113019800,"Census Tract 198, Dallas County, Texas",4830.0,4298.0,9.0,0.0,243.0,0.0,152.0,"Dallas city, Texas",False,-6.435,-0.502,-0.261,4.343,0.253,0.0,+32.8294841,-096.8100103
48113019900,"Census Tract 199, Dallas County, Texas",4240.0,262.0,25.0,12.0,0.0,0.0,3933.0,"Dallas city, Texas",False,-6.619,-0.967,-0.607,-0.294,8.52,0.0,+32.7381104,-096.8885950
48113020100,"Census Tract 201, Dallas County, Texas",2121.0,507.0,33.0,60.0,39.0,0.0,1538.0,"Dallas city, Texas",True,-23.222,-2.277,1.734,-2.189,28.751,0.0,+32.8211903,-096.9125532
48113020200,"Census Tract 202, Dallas County, Texas",3889.0,80.0,3076.0,0.0,0.0,0.0,733.0,"Dallas city, Texas",False,0.628,-15.893,-0.22,-0.088,15.748,0.0,+32.6855277,-096.7107028
48113020300,"Census Tract 203, Dallas County, Texas",2385.0,249.0,1939.0,11.0,9.0,0.0,177.0,"Dallas city, Texas",False,4.639,-8.189,0.393,-0.134,3.427,0.0,+32.7743000,-096.7668089
48113020400,"Census Tract 204, Dallas County, Texas",8535.0,3930.0,2193.0,0.0,182.0,0.0,2009.0,"Dallas city, Texas",False,20.31,7.982,-0.896,0.681,-30.453,0.0,+32.7717084,-096.7911232
48113020500,"Census Tract 205, Dallas County, Texas",5531.0,261.0,3414.0,0.0,222.0,0.0,1622.0,"Dallas city, Texas",False,2.868,-12.721,-0.196,3.369,6.83,0.0,+32.7833893,-096.8622702
48113020600,"Census Tract 206, Dallas County, Texas",2131.0,1743.0,0.0,0.0,148.0,0.0,144.0,"Dallas city, Texas",False,-11.238,-0.932,-0.486,5.324,2.827,0.0,+32.8726915,-096.8216426
48113980100,"Census Tract 9801, Dallas County, Texas",19.0,0.0,0.0,0.0,0.0,0.0,19.0,"Dallas city, Texas",False,-8.591,-1.074,-0.327,-0.685,10.864,0.0,+32.8455619,-096.8494250
48121021615,"Census Tract 216.15, Denton County, Texas",5026.0,1508.0,181.0,47.0,371.0,0.0,2943.0,"Dallas city, Texas",False,-34.815,-0.676,0.017,-0.223,36.283,-0.085,+32.9954403,-096.8794337
48121021616,"Census Tract 216.16, Denton County, Texas",4751.0,1426.0,1470.0,0.0,263.0,0.0,1536.0,"Dallas city, Texas",False,-31.557,17.432,-1.034,-3.814,18.797,-0.069,+33.0064509,-096.8638773
48121021632,"Census Tract 216.32, Denton County, Texas",3834.0,2426.0,589.0,0.0,238.0,0.0,405.0,"Dallas city, Texas",False,-19.093,9.809,-0.67,1.59,4.063,-0.023,+33.0183595,-096.8562813
48121021634,"Census Tract 216.34, Denton County, Texas",5262.0,1915.0,1773.0,0.0,137.0,0.0,1152.0,"Dallas city, Texas",False,-28.795,19.472,-0.696,-3.316,9.101,-0.009,+33.0066537,-096.8530916
48121021635,"Census Tract 216.35, Denton County, Texas",4883.0,1381.0,2228.0,18.0,337.0,0.0,836.0,"Dallas city, Texas",False,-36.906,31.406,-0.327,0.981,4.329,-0.009,+33.0023345,-096.8479734
48121021636,"Census Tract 216.36, Denton County, Texas",7622.0,2659.0,2282.0,40.0,695.0,0.0,1571.0,"Dallas city, Texas",False,-30.302,15.718,-0.171,3.198,7.819,-0.009,+32.9924273,-096.8494487
48121021637,"Census Tract 216.37, Denton County, Texas",4522.0,1229.0,1471.0,34.0,301.0,0.0,1283.0,"Dallas city, Texas",False,-31.329,18.992,-0.071,-3.516,12.008,-0.028,+32.9942510,-096.8606830
48121021638,"Census Tract 216.38, Denton County, Texas",4158.0,1360.0,978.0,0.0,541.0,0.0,1022.0,"Dallas city, Texas",False,-26.378,10.002,-0.873,2.949,8.797,-0.038,+32.9946679,-096.8697637
48257050201,"Census Tract 502.01, Kaufman County, Texas",9689.0,6522.0,1557.0,47.0,96.0,0.0,1324.0,"Dallas city, Texas",False,-22.604,13.663,-0.355,0.643,7.496,-0.029,+32.7600315,-096.5000770
48397040101,"Census Tract 401.01, Rockwall County, Texas",6774.0,5371.0,51.0,18.0,390.0,31.0,711.0,"Dallas city, Texas",False,-10.51,-1.424,-0.289,4.235,4.705,0.444,+32.9401870,-096.4805699
48397040102,"Census Tract 401.02, Rockwall County, Texas",7753.0,5516.0,613.0,63.0,111.0,0.0,1268.0,"Dallas city, Texas",False,-18.651,5.73,0.258,-0.09,10.564,-0.014,+32.9563814,-096.4802611
48397040200,"Census Tract 402, Rockwall County, Texas",7114.0,5865.0,174.0,28.0,163.0,0.0,690.0,"Dallas city, Texas",False,-10.637,1.695,0.132,1.658,4.425,0.0,+32.9583971,-096.4414712
48397040301,"Census Tract 403.01, Rockwall County, Texas",6103.0,4117.0,667.0,51.0,227.0,0.0,895.0,"Dallas city, Texas",False,-16.004,4.267,0.475,0.614,8.364,0.0,+32.9063321,-096.5089500
48397040302,"Census Tract 403.02, Rockwall County, Texas",8485.0,6795.0,409.0,142.0,141.0,17.0,1068.0,"Dallas city, Texas",False,-4.459,-0.695,0.875,0.08,5.129,0.2,+32.9187942,-096.4551851
48397040504,"Census Tract 405.04, Rockwall County, Texas",7059.0,5775.0,22.0,24.0,296.0,0.0,798.0,"Dallas city, Texas",False,5.095,-1.328,-0.282,2.703,-7.831,-0.011,+32.8296508,-096.4912449
